{"intValue":4,"serializablePrivateIntValue":6,"intArray":[3,8],"intList":[7],"floatValue":4.964697360992432,"boolValue":false,"charValue":52,"stringValue":"1","vector2Value":{"x":8.781872749328614,"y":4.082409858703613},"vector3Value":{"x":8.164066314697266,"y":4.210864067077637,"z":5.036881446838379},"vector4Value":{"x":3.0094573497772219,"y":4.200463771820068,"z":6.232571601867676,"w":3.200929641723633},"quaternionValue":{"x":2.4656972885131838,"y":8.532184600830079,"z":3.866075038909912,"w":1.4783333539962769},"matrixValue":{"e00":7.771966457366943,"e01":6.3807148933410648,"e02":1.7760285139083863,"e03":5.3101806640625,"e10":9.70712661743164,"e11":1.3936173915863038,"e12":1.5720690488815308,"e13":8.993385314941407,"e20":8.43638801574707,"e21":3.17793869972229,"e22":2.860100269317627,"e23":8.204875946044922,"e30":8.81539249420166,"e31":5.994325160980225,"e32":5.150223255157471,"e33":6.406747817993164},"transformValue":{"instanceID":8788},"sampleEnum":2,"sampleStruct":{"intValue":1},"sampleClass":{"intValue":2},"structList":[{"intValue":3}],"classList":[{"intValue":1}]}
