{"intValue":6,"serializablePrivateIntValue":7,"intArray":[9,6,8,7],"intList":[4,6,6],"floatValue":5.229856014251709,"boolValue":true,"charValue":56,"stringValue":"6","vector2Value":{"x":7.546160697937012,"y":4.271839618682861},"vector3Value":{"x":7.326348304748535,"y":6.816403388977051,"z":2.906019687652588},"vector4Value":{"x":6.540431499481201,"y":4.4115471839904789,"z":9.483756065368653,"w":9.241868019104004},"quaternionValue":{"x":1.4942173957824708,"y":7.329008102416992,"z":4.992795944213867,"w":2.121915340423584},"matrixValue":{"e00":1.1391658782958985,"e01":7.546000957489014,"e02":9.980993270874024,"e03":5.5190348625183109,"e10":5.52742338180542,"e11":9.718557357788086,"e12":5.151478290557861,"e13":6.749715328216553,"e20":7.372350215911865,"e21":9.911865234375,"e22":7.0655293464660648,"e23":3.986551284790039,"e30":8.57303524017334,"e31":9.703681945800782,"e32":3.8162975311279299,"e33":3.8890819549560549},"transformValue":{"instanceID":8982},"sampleEnum":1,"sampleStruct":{"intValue":1},"sampleClass":{"intValue":9},"structList":[{"intValue":7}],"classList":[{"intValue":8}]}
